match,prediction,odds,status,date,hash
Huesca – Sociedad B,1,1.86,Lost,2026-05-12,cdd61e7a2a8dbcc606aaab716c6e705b
Tottenham – Leeds,1,1.8,Lost,2026-05-12,90a332f7546211bc9206c15d4fccc795
Guimaraes – Casa Pia,1,1.66,Lost,2026-05-12,6d7bc074c0cd240cb04f187e452ca844
Napoli – Bologna,1,1.53,Lost,2026-05-12,d1b50d699da00c7d21cbf178a0ac623e
Benfica – Braga,1,1.39,Lost,2026-05-12,f24a9edce2f8b0b5e6a8b489d302c9a7
Cremonese – Pisa,1,1.7,Won,2026-05-12,e56fc2c0088aa65431e317da1e06a393
Barcelona – Real Madrid,1,1.61,Won,2026-05-12,07c172d1203c2b329fb5ed4a4174b944
West Ham – Arsenal,2,1.55,Won,2026-05-12,41bda3fb62bfc445d088d698797eae8a
Rennes – Paris FC,1,1.55,Won,2026-05-12,2e999864c707ff9b0c4117dd1e5d7b67
Parma – Roma,2,1.5,Won,2026-05-12,c6a90082e0d33c08be1b170d2b06ccdd
Man City – Brentford,1,1.33,Won,2026-05-12,77c6c435317e68f5c4477401076a6975
Brighton – Wolves,1,1.25,Won,2026-05-12,bd0fa6beccda01a9f7d99b62ed9b9f7b
Betis – Elche,1,1.6,Won,2026-05-13,ad6a95fe0ae920ec7ed8c681e2d2c76f
Southampton – Middlesbrough,Both To Score,1.57,Won,2026-05-13,eea230f5291d5e396a67a6054b0f9e20
Luzern – Zurich,1,1.46,Won,2026-05-13,4caf814892c36fe3fa707c62485ab4c6
Liepajas – Ogre Utd,1,1.3,Won,2026-05-13,38856367e417dff8ad53abb1d3ffbbd9
Osasuna – Atletico Madrid,1X,1.4,Lost,2026-05-13,ccb4ae743ffac5daba8225bdcfdf71d7
Motherwell – Celtic,2,1.62,Won,2026-05-14,4acb5395ae6b077d2e39b9c37edcd289
Man City – Crystal Palace,1,1.2,Won,2026-05-14,4d806ed2a0502137f1a01e3fa669b7ba
Alaves – Barcelona,2,2.1,Lost,2026-05-14,797bd5635d981c632444f2bad261bf4c
Villarreal – Sevilla,1,2.05,Lost,2026-05-14,926082deb224c8f6cf775105c3fb8f73
PAOK – AEK Athens,1,1.62,Lost,2026-05-14,b688e250c875a389c0adffbb1821a283
Kudrivka – Rukh,1,2.0,Won,2026-05-14,e10ede987e2a5b821772e37f6ab04b98
Bradford – Bolton,Under 3.5 goals,1.36,Won,2026-05-14,842ac2e3db1897546b8337d5d7575584
Real Madrid – Oviedo,1,1.28,Won,2026-05-14,cd56bb86d1be16b69b6c32fc6658e570
Valencia – Rayo Vallecano,1X,1.28,Won,2026-05-14,2f4bc9ec75f215765049eb9a08f12b93
Girona – Real Sociedad,1,1.95,Lost,2026-05-14,064923140331a496309c937e91de5d54
Bohemians – Drogheda,1,1.53,Won,2026-05-15,c73d64e6e45908b7fe3ed570320a4b9a
Aston Villa – Liverpool,Both To Score,1.5,Won,2026-05-15,04404e00e7a3c1c9a7e9927cf76aaf12
Bari – Sudtirol,1X,1.36,Won,2026-05-15,64d99aa1c2e1e3a6075be8c0402f8531
Adelaide – Auckland,1X,1.4,Lost,2026-05-15,0a3291754c853b21da0263f9897cad90
Castellon – Cadiz,1,1.3,Lost,2026-05-15,023c6cf32a2036a4c1c51af9fbfc7261
Chelsea – Man City,2,1.66,Won,2026-05-16,7f3c2e778aa7776bd851974f0d2a22b0
Mgladbach – Hoffenheim,2,1.65,Won,2026-05-16,94ebd1e682002164c50503ba54fef757
Freiburg – Leipzig,Both To Score,1.4,Won,2026-05-16,04fe4cc829cb1ad8bf95aae2f2529928
Heidenheim – Mainz,1,1.9,Lost,2026-05-16,1200e7acdc2532801c3ac81449757d14
Frankfurt – Stuttgart,2,1.85,Lost,2026-05-16,7455cbf8a80f47cd08ae9180fb5f9ea1
Oviedo – Alaves,2,2.0,Won,2026-05-17,86cc346094721a05418aaba2d76a150e
Roma – Lazio,1,1.5,Won,2026-05-17,293cfdcec26f8b4a6265b2a6fd43a02d
Barcelona – Betis,1,1.33,Won,2026-05-17,ae15dc434d6c45fed470fbf0b4019f38
Como – Parma,1,1.27,Won,2026-05-17,cff640f8cf346834394bfe994463bc05
Lyon – Lens,1,1.7,Lost,2026-05-17,fb69814866bae0761975e11ec458b456
Montana – Spartak,2,1.22,Won,2026-05-18,5cecf797da716f93bcb6092fc718e228
Arsenal – Burnley,1,1.09,Won,2026-05-18,6b9368b53db881ff88bddfa0f3c3a53b
Leganes – Huesca,1,1.86,Lost,2026-05-18,984ee6621dc2d43b2962616bbd17b449
Petrolul – Otelul Galati,1,1.61,Lost,2026-05-18,1baa13b82a7df6467b9e39a3827b47d5
Defensores – Chaco For Ever,1,1.79,Lost,2026-05-18,c90c10b3a70b29abd068bac51805226a
Monza – Juve Stabia,1,1.68,Won,2026-05-19,580bc208d69c58f0193b372d3a087390
Chelsea – Tottenham,1X,1.25,Won,2026-05-19,f4d5d864024e2c000cb27bd29ca7c9cf
Charleroi – Leuven,1,1.72,Lost,2026-05-19,916866ecaeb5561312b887be5ca42fe9
Bournemouth – Man City,2,1.65,Lost,2026-05-19,6f3b1da41fe25011ba08d1620f890c3c
Genk – Antwerp,1,1.57,Lost,2026-05-19,2a99dc411094e0483e94758796ea37c6
Olimpia – Vasco Da Gama,1,1.95,Won,2026-05-20,fcd99472052a4296432802d676cd30dd
LDU – Lanus,1,1.85,Won,2026-05-20,9ad66ea9d0d18e938db437119d652ee1
Palermo – Catanzaro,1,1.71,Won,2026-05-20,ab1b1155dcd5deaba05726aba3b56db4
Freiburg – Aston Villa,2,1.66,Won,2026-05-20,ec270bb80cc8ca899178068dc49550e9
Aalesunds – Brann,2,1.85,Lost,2026-05-20,58ad5166659c4a8d445f2e8e58752baa
Utrecht – Heerenveen,Both To Score,1.61,Won,2026-05-21,e14eb4985013fcc98d58a7636cb9887a
Brondby – Copenhagen,X2,1.36,Won,2026-05-21,f53ce725e71c4e5bde68898eeaae426f
Al Nassr – Dhamk,1,1.08,Won,2026-05-21,1167ac6fbcdad48e33c71e93be6f1e3d
Wolfsburg – Paderborn,1,1.72,Lost,2026-05-21,af1322d5241fd348bd888b361ce77627
Mechelen – Club Brugge,2,1.36,Lost,2026-05-21,4b0234967db8280980abfd091fca0a87
Sudtirol – Bari,X,3.2,Won,2026-05-22,6faec5d30f20fb9d712936e5a1f4697f
Auda – Liepajas,1,1.8,Won,2026-05-22,18644e81689ce26dc1934546961c0b47
Fiorentina – Atalanta,Both To Score,1.57,Won,2026-05-22,c756c3b59015f7c53e86efc12753a0fc
Lens – Nice,1,1.48,Won,2026-05-22,b42ffa4604cef745fb7f834dc0585853
Botev Vratsa – Beroe,2,2.62,Lost,2026-05-22,4ba61c02caf644a56dd8b958f39a1ac7
Betis – Levante,1,2.3,Won,2026-05-23,cc53a2c62d50bd27e5a56de17cb42d3b
Celta Vigo – Sevilla,1,1.7,Won,2026-05-23,d5eb285c5df525c561afc8d184390fac
Mallorca – Oviedo,1,1.44,Won,2026-05-23,52268986ea15bfe017ad275ad108498a
Getafe – Osasuna,1X,1.36,Won,2026-05-23,c8063cb447079a39e79022e7d458465e
Girona – Elche,1,1.75,Lost,2026-05-23,f44b5c8bb02055e01f9e66901b2b9e57
Crystal Palace – Arsenal,2,1.8,Won,2026-05-24,8962bf4bbcacb143861f3774cd7891d6
West Ham – Leeds,1,1.75,Won,2026-05-24,9229a3da90fc8ca823bd68ff2b95f6b0
Torino – Juventus,2,1.45,Lost,2026-05-24,930075197c946edd053dd1ca3bb3eb51
AC Milan – Cagliari,1,1.28,Lost,2026-05-24,2c0f91a990536e4ff9962850e1bdbde3
Man City – Aston Villa,1,1.27,Lost,2026-05-24,6fb8f1ada5a8d28ece7af974d4af3bc3
Lanus – Mirassol,1,1.85,Won,2026-05-26,78a00cfc6bfdcd0d77b26ecc03fc3307
Nacional – Coquimbo,1,1.8,Won,2026-05-26,1161996b8895fb4040dc2af972e5eddd
Nigeria – Zimbabwe,1,1.55,Won,2026-05-26,15340e8875e2bbeadcebab0837936de1
Stjarnan – Vikingur,Both To Score,1.5,Won,2026-05-26,61f7f7767a9949ef9a727feeb4e21c52
St Etienne – Nice,1X,1.36,Won,2026-05-26,64e562df6c1bc9316f8cf152455808e4
St Mirren – Partick,1,1.71,Won,2026-05-26,23442362d6b95e12d9efe824118323da
Notts County – Salford,X,3.0,Lost,2026-05-26,2eeabd79f8a0f7fbdf7089255df6314d
Goteborg – Mjallby,1,2.75,Lost,2026-05-26,c53441f6e6384386a20dd5be4e1ee2e7
Paderborn – Wolfsburg,2,2.15,Lost,2026-05-26,76b1f894e1ba92d349c3e497e602acd2
Lyngby – Horsens,1,2.1,Lost,2026-05-26,72ba1964566dfc09c591303356f853cc
